;0
0;img_serpentes_0_1697988299.png
1;img_serpentes_10_1697988299.png
2;img_serpentes_12_1697988299.png
3;img_serpentes_14_1697988299.png
4;img_serpentes_16_1697988299.png
5;img_serpentes_18_1697988299.png
6;img_serpentes_1_1697988299.png
7;img_serpentes_20_1697988299.png
8;img_serpentes_22_1697988299.png
9;img_serpentes_24_1697988299.png
10;img_serpentes_26_1697988299.png
11;img_serpentes_28_1697988299.png
12;img_serpentes_2_1697988299.png
13;img_serpentes_30_1697988299.png
14;img_serpentes_32_1697988299.png
15;img_serpentes_34_1697988299.png
16;img_serpentes_36_1697988299.png
17;img_serpentes_38_1697988299.png
18;img_serpentes_3_1697988299.png
19;img_serpentes_40_1697988299.png
20;img_serpentes_4_1697988299.png
21;img_serpentes_6_1697988299.png
22;img_serpentes_8_1697988299.png
23;img_serpentes_11_1697988299.png
24;img_serpentes_13_1697988299.png
25;img_serpentes_15_1697988299.png
26;img_serpentes_17_1697988299.png
27;img_serpentes_19_1697988299.png
28;img_serpentes_21_1697988299.png
29;img_serpentes_23_1697988299.png
30;img_serpentes_25_1697988299.png
31;img_serpentes_27_1697988299.png
32;img_serpentes_29_1697988299.png
33;img_serpentes_31_1697988299.png
34;img_serpentes_33_1697988299.png
35;img_serpentes_35_1697988299.png
36;img_serpentes_37_1697988299.png
37;img_serpentes_39_1697988299.png
38;img_serpentes_41_1697988299.png
39;img_serpentes_42_1697988299.png
40;img_serpentes_43_1697988299.png
41;img_serpentes_5_1697988299.png
42;img_serpentes_7_1697988299.png
43;img_serpentes_9_1697988299.png
